{"chunk_definitions":[{"row":23,"row_count":1,"visible":true,"expansion_state":0,"options":{"engine":"r","label":"setup","include":false},"document_id":"C95B720B","chunk_id":"csetup_chunk","chunk_label":"setup"},{"row":48,"row_count":1,"visible":true,"expansion_state":0,"options":{},"document_id":"C95B720B","chunk_id":"cprcczab3nazs","chunk_label":"details"},{"row":60,"row_count":1,"visible":true,"expansion_state":0,"options":{},"document_id":"C95B720B","chunk_id":"cfz8q5lij7so4","chunk_label":"details_output"},{"row":76,"row_count":1,"visible":true,"expansion_state":0,"options":{},"document_id":"C95B720B","chunk_id":"cp8rwl707kj9s","chunk_label":"DESCRIPTION"},{"row":118,"row_count":1,"visible":true,"expansion_state":0,"options":{},"document_id":"C95B720B","chunk_id":"cswkvsd04nc6j","chunk_label":"vignettes"},{"row":127,"row_count":1,"visible":true,"expansion_state":0,"options":{},"document_id":"C95B720B","chunk_id":"calc1fcqokzs3","chunk_label":"formpath"},{"row":139,"row_count":1,"visible":true,"expansion_state":0,"options":{},"document_id":"C95B720B","chunk_id":"cl6oga59fambs","chunk_label":"form"},{"row":197,"row_count":1,"visible":true,"expansion_state":0,"options":{"engine":"r","label":"checkPath"},"document_id":"C95B720B","chunk_id":"c4edjqpj60j7j","chunk_label":"checkPath"},{"row":215,"row_count":1,"visible":true,"expansion_state":0,"options":{"engine":"r","label":"check"},"document_id":"C95B720B","chunk_id":"chzhlttp9lbgp","chunk_label":"check"},{"row":226,"row_count":1,"visible":true,"expansion_state":0,"options":{},"document_id":"C95B720B","chunk_id":"cht1j9ri7byth","chunk_label":"coveragePath"},{"row":250,"row_count":1,"visible":true,"expansion_state":0,"options":{},"document_id":"C95B720B","chunk_id":"cpx67oceydld4","chunk_label":"coverage"},{"row":266,"row_count":1,"visible":true,"expansion_state":0,"options":{},"document_id":"C95B720B","chunk_id":"cn4yhs5b9ghr7","chunk_label":"sessioninfo"}],"doc_write_time":1720619868,"working_dir":null,"default_chunk_options":{"echo":false}}