"0","description <- data.frame(field=c(""Package Title"", ""Main developer(s)"","
"0","                                  ""Source Code Location"", ""Package Page"", ""Package Description""),"
"0","                          values = c(title, devs, repo, refs, highlevelDescription))"
"0","descripionTable <- knitr::kable(description, col.names = NULL)"
"0",""
"0","# escape dollar signs that might still be lingering"
"0","# intToUtf8(36) is the dollar sign (so it doesn't show up in the search)"
"0","gsub(paste0(""\\"",intToUtf8(36)), paste0(""\\\\"",intToUtf8(36)), descripionTable)"
