"0","# the full title of the package"
"0","title <- ""monitOS"" "
"0",""
"0","# the names of the main package developers"
"0","devs <- ""Thibaud Coroller"""
"0","# the url of the package repo"
"0","repo <- ""https://github.com/Novartis/monitOS"""
"0",""
"0","# the url of the package reference page (e.g., created with {pkgdown})"
"0","refs <- ""https://opensource.nibr.com/monitOS/"""
"0",""
"0","# provide a high-level description of the package"
"0","# this should include examples of use cases: how is this package foreseen to be"
"0","# used by other associates"
"0","highlevelDescription <- ""These guidelines are meant to provide a pragmatic, yet rigorous, help to drug developers and decision makers, since they are shaped by three fundamental ingredients: the clinically determined margin of detriment on OS that is unacceptably high (δnull); the benefit on OS that is plausible given the mechanism of action of the novel intervention (δalt); and the quantity of information (i.e. events, expected number of survival events, at primary and final analysis) it is feasible to accrue given the clinical and drug development setting. The proposed guidelines facilitate transparent discussions between stakeholders focusing on the risks of erroneous decisions and what might be an acceptable trade-off between power and the false positive error rate."""
