"0","if (loaded) {"
"0","  packageDescription(PACKAGE)"
"0","} else {"
"0","  incompleteFun(""Package could not be loaded."")"
"0","}"
"1","Package: monitOS
"
"1","Title: Monitoring Overall Survival in Pivotal Trials in Indolent Cancers
"
"1","Version: 0.1.6
"
"1","Authors@R: c( person(""Thomas"", ""Fleming"", email = ""fleming@seattlebiostat.com"", role =""ctb""),
           person(""Lisa"", ""Hampson"", email = ""lisa.hampson@novartis.com"", role =""aut""), person(""Bharani"",
           ""Bharani-Dharan"", email = ""bharani.bharani-dharan@novartis.com"", role =""ctb""), person(""Frank"",
           ""Bretz"", email = ""frank.bretz@novartis.com"", role = ""ctb""), person(""Arunava"", ""Chakravartty"",
           email = ""arunava.chakravartty@novartis.com"", role = ""ctb""), person(""Thibaud"", ""Coroller"",
           email = ""thibaud.coroller@novartis.com"", role = c(""aut"", ""cre"")), person(""Evanthia"",
           ""Koukouli"", email = ""evanthia.koukouli@novartis.com"", role = ""aut""), person(""Janet"", ""Wittes"",
           email = ""janet@wittesllc.com"", role = ""ctb""), person(""Nigel"", ""Yateman"", email =
           ""nigel.yateman@novartis.com"", role = ""ctb""), person(""Emmanuel"", ""Zuber"", email =
           ""emmanuel.zuber@novartis.com"", role = ""ctb""), person(""Novartis"", ""Pharma AG"", role = ""cph"") )
"
"1","Description: These guidelines are meant to provide a pragmatic, yet rigorous, help to drug developers and
           decision makers, since they are shaped by three fundamental ingredients: the clinically
           determined margin of detriment on OS that is unacceptably high (delta null); the benefit on OS
           that is plausible given the mechanism of action of the novel intervention (delta alt); and the
           quantity of information (i.e. survival events) it is feasible to accrue given the clinical and
           drug development setting. The proposed guidelines facilitate transparent discussions between
           stakeholders focusing on the risks of erroneous decisions and what might be an acceptable
           trade-off between power and the false positive error rate.
"
"1","License: GPL (>= 3)
"
"1","Maintainer: Thibaud Coroller <thibaud.coroller@novartis.com>
"
"1","URL: https://opensource.nibr.com/monitOS/, https://github.com/Novartis/monitOS
"
"1","BugReports: https://github.com/Novartis/monitOS/issues
"
"1","Encoding: UTF-8
"
"1","Roxygen: list(markdown = TRUE)
"
"1","RoxygenNote: 7.2.3
"
"1","Imports: stats, glue, shiny, shinydashboard,
"
"1","Suggests: testthat (>= 3.0.0), covr, knitr, rmarkdown, pkgdown
"
"1","VignetteBuilder: knitr
"
"1","Author: Thomas Fleming [ctb], Lisa Hampson [aut], Bharani Bharani-Dharan [ctb], Frank Bretz [ctb], Arunava
           Chakravartty [ctb], Thibaud Coroller [aut, cre], Evanthia Koukouli [aut], Janet Wittes [ctb],
           Nigel Yateman [ctb], Emmanuel Zuber [ctb], Novartis Pharma AG [cph]
"
"1","Built: R 4.3.1; ; 2024-07-11 14:12:09 UTC; unix
"
"1","
-- File:"
"1"," "
"1","/home/corolth1/.cache/R/renv/library/monitos-e423311f/R-4.3/x86_64-pc-linux-gnu/monitOS/Meta/package.rds"
"1"," "
"1","
"
